Fund Name,P1,P2,P3,P4,P5,Score,Rank
M1,0.87,0.76,6.0,62.1,17.43,0.7675870468280213,1
M2,0.7,0.49,3.0,61.6,16.45,0.37300819715198386,7
M3,0.95,0.9,3.9,37.6,10.84,0.4450921561271828,5
M4,0.69,0.48,7.0,39.3,11.87,0.44536850058726674,4
M5,0.84,0.71,5.3,65.5,18.09,0.6824813387193703,2
M6,0.67,0.45,5.9,44.1,12.78,0.3811800778471108,6
M7,0.91,0.83,6.0,50.3,14.51,0.6741212378591042,3
M8,0.85,0.72,3.3,42.4,11.82,0.32213720060166534,8
